time_s,pos_x_m,pos_y_m,pos_z_m,vel_vx_m/s,vel_vy_m/s,vel_vz_m/s,att_roll_rad,att_pitch_rad,att_yaw_rad,ang_vel_p_rad/s,ang_vel_q_rad/s,ang_vel_r_rad/s,control_Fx_N,control_Fy_N,control_Fz_N,control_tau_x_Nm,control_tau_y_Nm,control_tau_z_Nm,solve_time_s,solve_success
0.0008275508880615234,-0.03833042085170746,-0.08811470866203308,0.40833741426467896,0.006694510561003636,0.17002825497275184,-0.2865273353262339,-0.0733092272546676,-0.014988197884691967,0.025621025319770396,1.4288733005523682,0.02313789911568166,0.07516796141862869,0.6124110010635403,-1.015582510406046,27.065052873765445,-0.29644674100717894,0.040483142132243424,-0.05309725952406086,0.00091965300089214,1
0.010805845260620117,-0.03827981650829315,-0.08636346459388733,0.40531125664711,0.00172861094291836,0.17587074698112257,-0.288741618048732,-0.057931259691323955,-0.01482129925331277,0.026498355146017616,1.5918021202087402,0.005880914628505715,0.06160931661725044,0.6066266673164331,-0.8835337402001935,27.076005981114765,-0.3541773430955403,0.05045280666231503,-0.04646033766602981,0.0010565490010776557,1
0.02082967758178711,-0.038202736526727676,-0.0826437771320343,0.399253249168396,0.010726968752934152,0.18140283165246254,-0.2852019373358198,-0.04127180473390135,-0.015424242405896571,0.02711578595516473,1.7309430837631226,-0.04244308173656463,0.05732652917504311,0.6031004976381346,-0.8038723983450075,27.077466366103486,-0.3538872612280199,0.05054545034440706,-0.04519232366976125,0.0009106420002353843,1
0.03363800048828125,-0.038121964782476425,-0.08079735189676285,0.3962416350841522,0.002821849610816313,0.18506711669466056,-0.2865823808642061,-0.01400736826159621,-0.01607938863699765,0.027665269747966903,1.8718931674957275,-0.07526125013828278,0.021145327016711245,0.6130846151288176,-0.5442795726455714,27.084938279663056,-0.48806149896293577,0.09975444846113657,-0.030523168038992892,0.0012353519996395335,1
0.04071211814880371,-0.038121964782476425,-0.08079735189676285,0.3962416350841522,0.002821849610816313,0.18506711669466056,-0.2865823808642061,-0.01400736826159621,-0.01607938863699765,0.027665269747966903,1.8718931674957275,-0.07526125013828278,0.021145327016711245,0.6185318603294226,-0.3953660463507531,27.08611188435032,-0.5191920133273966,0.10103909918620205,-0.02822978467502827,0.0009289410008932464,1
0.0507044792175293,-0.037971071898937225,-0.07705758512020111,0.39031851291656494,0.0049497354679497755,0.17686052658517804,-0.280328154316699,0.025154068994403644,-0.01800246578807352,0.027969559238281594,2.0078508853912354,-0.11511238664388657,0.002848648000508561,0.6105610771710658,-0.197274587569157,27.07687692211679,-0.5916022227984518,0.11154478750090009,-0.03098907764272405,0.0022753480006940663,1
0.06070446968078613,-0.037971071898937225,-0.07705758512020111,0.39031851291656494,0.0049497354679497755,0.17686052658517804,-0.280328154316699,0.025154068994403644,-0.01800246578807352,0.027969559238281594,2.0078508853912354,-0.11511238664388657,0.002848648000508561,0.6261233891795674,0.03890703182297367,27.07657635366297,-0.6674958966182284,0.13020803979692666,-0.022073116166501473,0.0009182559988403227,1
0.07083344459533691,-0.03775349631905556,-0.07358098775148392,0.3846437633037567,0.007010511595271406,0.1596833172899903,-0.26483315206843794,0.07441710489496423,-0.02128279030036717,0.027757055110592788,1.9543453454971313,-0.14610357582569122,-0.004018817562609893,0.6239691398673641,0.3035315388511068,27.053547261761317,-0.7424079015573711,0.13184405734777432,-0.015324202285013612,0.0037024259981990326,1
0.0808565616607666,-0.037603411823511124,-0.0719892755150795,0.3819897472858429,0.011946649375599265,0.14096182800806614,-0.250797061754424,0.09341185514130279,-0.022805696477040005,0.027318344370604652,1.8982056379318237,-0.13690762221813202,-0.02365989796817301,0.6482638053133672,0.6343164602414844,27.03579771868574,-0.8541163604308846,0.1595325005788636,-0.01647604154243872,0.0013415879984677304,1
0.09073543548583984,-0.037603411823511124,-0.0719892755150795,0.3819897472858429,0.011946649375599265,0.14096182800806614,-0.250797061754424,0.09341185514130279,-0.022805696477040005,0.027318344370604652,1.8982056379318237,-0.13690762221813202,-0.02365989796817301,0.6562236160491643,0.9627726293827805,26.99504782985044,-0.922857160678858,0.15965932257410262,-0.009829723862332168,0.0009476599989284296,1
0.10080122947692871,-0.037487924098968506,-0.07051745057106018,0.3794649541378021,0.008166828314143844,0.13510318406169966,-0.23734885255996263,0.1117423611127979,-0.02432137386387634,0.02696134024953567,1.8231124877929688,-0.1713322252035141,-0.03666881099343298,0.6779339642672214,1.253668309559012,26.95247814535303,-0.9780947626330988,0.1844552707610302,-0.0037230714892288333,0.0029240010007924866,1
0.11080336570739746,-0.037333566695451736,-0.06921708583831787,0.3771227300167084,0.012892649739163046,0.10696643974416202,-0.21790106372370185,0.12934876813548524,-0.025714471565256858,0.02632248894703615,1.718870759010315,-0.15931656956672668,-0.03463051468133924,0.6822252058374176,1.557562699490554,26.891704563783655,-1.030943359839365,0.1829525500382819,-0.002921392717703206,0.0009472410019952804,1
0.12082052230834961,-0.03714711591601372,-0.06809739023447037,0.3750428259372711,0.01400277219390719,0.09745170420925617,-0.194668395833268,0.1456492032566734,-0.02724389039135522,0.025694734517765383,1.5480011701583862,-0.1879110038280487,-0.05274128168821333,0.686133705519336,1.8090261072324307,26.819438399157317,-1.0743254194706782,0.20403612094881787,0.0038640890473306344,0.002832713998941472,1
0.13065481185913086,-0.0367160327732563,-0.066337451338768,0.3716755211353302,0.012660245477842308,0.05337079318418846,-0.1458879854655999,0.1602890264005845,-0.02890827022962439,0.025030083513863488,1.428670883178711,-0.16443033516407013,-0.04541743919253347,0.6838443194907108,2.0481961574839285,26.676560022922175,-1.1147931207203172,0.19796785651256535,0.003123272907519252,0.0010494950001884717,1
0.14083027839660645,-0.03651662915945053,-0.06574513763189316,0.3703854978084564,0.01067428299666717,0.041311119737321836,-0.1191600482081864,0.179693804806897,-0.030765736806647848,0.024128685532305294,1.2354669570922852,-0.13290144503116608,-0.04064834490418433,0.6848024597022887,2.2591452092902644,26.582149067073384,-1.164293165488419,0.18569853759088178,0.0016537803722921189,0.0027449169974715915,1
0.15082573890686035,-0.03627795726060867,-0.06537085026502609,0.3693828582763672,0.017189804485885835,0.011733157735515051,-0.09372737999336812,0.19003401340559467,-0.03201943072818203,0.023243707901876576,0.9795592427253723,-0.11263208091259003,-0.05248400568962096,0.6659829143085371,2.4408018153815796,26.496371203233082,-1.1567560787181421,0.1788390663596677,0.006219846977508967,0.00090763900152524,1
0.16083383560180664,-0.03601055592298508,-0.06526728719472885,0.3686428666114807,0.012665901565060233,-0.009850805060438448,-0.06628832223081718,0.19890934274882666,-0.0328921476321149,0.02256225129875311,0.8356077075004578,-0.11091912537813187,-0.04695917293429373,0.6538003317712963,2.5492202539099122,26.481754185758177,-1.156665215604514,0.18026494369940066,0.007612007292099956,0.0034902360021078493,1
0.17056536674499512,-0.03601055592298508,-0.06526728719472885,0.3686428666114807,0.012665901565060233,-0.009850805060438448,-0.06628832223081718,0.19890934274882666,-0.0328921476321149,0.02256225129875311,0.8356077075004578,-0.11091912537813187,-0.04695917293429373,0.650974802130055,2.6301286635890624,26.404276188812148,-1.1016818791358167,0.1831658268043276,0.006149208002396164,0.0008713189999980386,1
0.1808338165283203,-0.03554974123835564,-0.06560951471328735,0.36792391538619995,0.01488810434859679,-0.050385619607084084,-0.019579354255361333,0.2103813616766499,-0.03483747136340076,0.020920475871445632,0.25556668639183044,-0.06996077299118042,-0.051933571696281426,0.6471179919781362,2.6621314165806407,26.324782886183986,-0.978409676972717,0.18222920833712244,0.008177852949268247,0.0032879649988899473,1
0.1908266544342041,-0.03554974123835564,-0.06560951471328735,0.36792391538619995,0.01488810434859679,-0.050385619607084084,-0.019579354255361333,0.2103813616766499,-0.03483747136340076,0.020920475871445632,0.25556668639183044,-0.06996077299118042,-0.051933571696281426,0.6286053508280479,2.6855566459981084,26.251805438027567,-0.8132803061717451,0.1668649141058287,0.00827819646314204,0.0008539279988326598,1
0.20083236694335938,-0.03527064248919487,-0.06618935614824295,0.3679327666759491,0.013444474232798483,-0.07864919277757904,-0.0006842960147179857,0.2107154510614535,-0.034861983263565044,0.02027970440712279,0.03303813561797142,-0.038284309208393104,-0.06383953988552094,0.6112851722946103,2.708837401831334,26.18736412239887,-0.6919829325462334,0.1486522129906693,0.012749095849966422,0.0025179910007864237,1
0.21059918403625488,-0.035011112689971924,-0.0670020654797554,0.36814242601394653,0.009822626592625365,-0.09739377349004841,0.021453261433809843,0.2084051584528006,-0.03496446893844274,0.019712562447717907,-0.3030048906803131,-0.02313810400664807,-0.0545712485909462,0.6000842807352412,2.6876876913416767,26.117345035628002,-0.501068955993216,0.14073859839260716,0.010243455398964894,0.0008578390006732661,1
0.22082757949829102,-0.03478974103927612,-0.06800621747970581,0.3685501217842102,0.01014845456503172,-0.11212652956799096,0.03968958408959346,0.20355756805818137,-0.034986841642700384,0.01917446021544089,-0.5856693387031555,0.006924017332494252,-0.05841873586177826,0.5832235255732016,2.639939090950047,26.058011837699937,-0.3320615011351998,0.12352366112702212,0.01121905930248457,0.0028213990008225664,1
0.23086023330688477,-0.03428857773542404,-0.07070292532444,0.3697633147239685,0.011241975432510343,-0.15685613518592798,0.0554173412831283,0.19592863113077552,-0.034549822306835676,0.018588028825162972,-0.8114109039306641,0.05614607408642768,-0.06242142245173455,0.5604535850227718,2.6489210632833977,26.002905364330367,-0.190702666692453,0.09451100952897491,0.01317806627624692,0.001718472998618381,1
0.24088358879089355,-0.03403029963374138,-0.07237859070301056,0.37047016620635986,0.008463718215117582,-0.1697956629880278,0.06239156859304894,0.18070970974375067,-0.032882184667419434,0.018035211514184635,-1.0952672958374023,0.09801946580410002,-0.06007086113095285,0.5414656818802372,2.6294269989016055,25.97722317149735,-0.000384111914407681,0.06460056497417913,0.013359772969948547,0.0009790199983399361,1
0.25080084800720215,-0.03380345180630684,-0.07417455315589905,0.3711996078491211,0.011105855094119056,-0.17725276984850313,0.0656816647555788,0.16779873853737293,-0.031658297113205336,0.017639822270207883,-1.2997909784317017,0.10741881281137465,-0.05820742622017862,0.5301645733637065,2.618506351871302,25.97348581854131,-0.00038388416153458646,0.06409637071032845,0.0132726705297096,0.0009936179994838312,1
0.260831356048584,-0.033527713268995285,-0.07609797269105911,0.3719649910926819,0.015008834180704487,-0.1951760649382092,0.06407884520812175,0.15279400936695753,-0.030393491135385364,0.01694611498824994,-1.5770612955093384,0.13819639384746552,-0.07870595157146455,0.5117081338229649,2.600267444069018,25.966139764848915,0.01439540071930171,0.054372991118880595,0.012940012420882633,0.003698374999657972,1
0.27159643173217773,-0.03321722894906998,-0.0782289057970047,0.37270575761795044,0.0152573662053159,-0.209676057643442,0.06592766709892195,0.1360374638023747,-0.028711737606049503,0.016589318209454085,-1.733808994293213,0.15948688983917236,-0.06477566063404085,0.4853550689318635,2.605725495175509,25.970664158337,0.051728903557040594,0.031826039234083045,0.020799806974424392,0.0011869500012835488,1
0.2807588577270508,-0.032933853566646576,-0.08046305179595947,0.37342143058776855,0.012802921515611722,-0.20526699796536974,0.06590218545508131,0.11744811824811086,-0.02670469801319708,0.016047232824711433,-1.9354506731033325,0.18097500503063202,-0.07897015661001208,0.46198977455528883,2.609516160092092,25.969417469735117,0.09450029023134603,0.014340607552185861,0.017800415307721317,0.0034496560001571197,1
0.29077601432800293,-0.032933853566646576,-0.08046305179595947,0.37342143058776855,0.012802921515611722,-0.20526699796536974,0.06590218545508131,0.11744811824811086,-0.02670469801319708,0.016047232824711433,-1.9354506731033325,0.18097500503063202,-0.07897015661001208,0.44527452195292627,2.5685802789632732,25.975038284633314,0.14693761747168604,-0.00500723454571091,0.02249805462200155,0.0009529689996270463,1
0.30078673362731934,-0.0323246568441391,-0.08500387519598007,0.37475666403770447,0.018170777838208384,-0.21479332467748974,0.061963415776451314,0.06578951152440293,-0.021706105148794563,0.014369465733302889,-2.1564157009124756,0.20425190031528473,-0.08175490051507953,0.41911665405602117,2.5034866901261754,25.990214232278234,0.2376239775219892,-0.026224566114423965,0.024737549445171078,0.0035040650000155438,1
0.3105931282043457,-0.0323246568441391,-0.08500387519598007,0.37475666403770447,0.018170777838208384,-0.21479332467748974,0.061963415776451314,0.06578951152440293,-0.021706105148794563,0.014369465733302889,-2.1564157009124756,0.20425190031528473,-0.08175490051507953,0.391208984918954,2.4308277794159645,26.00534942620274,0.31576516267615334,-0.03599698825424223,0.025627760512270555,0.0013661730008607265,1
0.3208036422729492,-0.03162594139575958,-0.0896356999874115,0.3759063482284546,0.023923240856977748,-0.20774634209399623,0.05806979793082798,0.04357473539249934,-0.019504606220654086,0.013589948060696244,-2.22373628616333,0.1967059224843979,-0.09166995435953143,0.35363895344592294,2.3405657104336894,26.02579983176582,0.3985761836749329,-0.04006970887691658,0.029559503240990916,0.0028339010023046285,1
0.33088016510009766,-0.03125009685754776,-0.09189482778310776,0.37642526626586914,0.02159008969394078,-0.2018047868627893,0.05544797341241058,-0.0011035210679857244,-0.015557820983707948,0.01155099711348262,-2.273740530014038,0.2056031972169876,-0.10500003397464755,0.3309517376218744,2.2860946229916186,26.028646585968335,0.399354415168402,-0.04013831233970333,0.030474713537324977,0.0011194800026714802,1
0.3408794403076172,-0.030863577499985695,-0.09404809027910233,0.37691980600357056,0.026842145494847112,-0.1877136676820462,0.05294401209993983,-0.0011035210679857244,-0.015557820983707948,0.01155099711348262,-2.273740530014038,0.2056031972169876,-0.10500003397464755,0.3094338412633279,2.141233065233972,26.053694003254794,0.5641334082823438,-0.05796710344781426,0.036167883889917575,0.0034301690029678866,1
0.35082244873046875,-0.030450262129306793,-0.09613385796546936,0.37730690836906433,0.02509621532377041,-0.18079178032054868,0.048495829208568514,-0.03535500300272032,-0.012692599799624116,0.009711762657604872,-2.276681661605835,0.18205152451992032,-0.12683288753032687,0.28289793240638633,2.0306812418033005,26.06314786103592,0.5668774991194984,-0.05885699859045204,0.037510009424294,0.0011801049986388534,1
0.36083292961120605,-0.030042370781302452,-0.09810313582420349,0.377593070268631,0.029689701280989418,-0.15886799988121353,0.04570807898077037,-0.05785608141005749,-0.010905834895224231,0.008536194030522193,-2.25128436088562,0.18339939415454862,-0.1328546851873398,0.2628354561701844,1.8679152500121594,26.08956938985256,0.6934859688842505,-0.05499434207901494,0.046045650153445,0.003500922000966966,1
0.3708231449127197,-0.029565127566456795,-0.09990058094263077,0.3778415024280548,0.03669093924221463,-0.14954012612976014,0.04213914705125143,-0.08025164745965352,-0.00938472477239971,0.007053237649770061,-2.2263402938842773,0.14347386360168454,-0.11549272388219835,0.23284903080051372,1.6666843238886342,26.10832999472946,0.779481229398758,-0.061968784468399374,0.05068430073802975,0.0020093080020160414,1
0.3805270195007324,-0.029565127566456795,-0.09990058094263077,0.3778415024280548,0.03669093924221463,-0.14954012612976014,0.04213914705125143,-0.08025164745965352,-0.00938472477239971,0.007053237649770061,-2.2263402938842773,0.14347386360168454,-0.11549272388219835,0.19553476793084112,1.4676725990364785,26.1278478715407,0.863578115663767,-0.04575979850031167,0.04637791721740608,0.0009074289991986006,1
0.39080023765563965,-0.028584521263837814,-0.10299653559923172,0.37805822491645813,0.04511474074306282,-0.10945352845321722,0.03441441975570202,-0.12305819405475082,-0.007277936725998302,0.004369070674484998,-2.1032090187072754,0.13613988459110257,-0.12780167162418368,0.1816800683962683,1.1923470682137347,26.161773982338826,0.968464193764377,-0.030916393045980088,0.05406801292429807,0.0025904899994202424,1
0.4008183479309082,-0.028584521263837814,-0.10299653559923172,0.37805822491645813,0.04511474074306282,-0.10945352845321722,0.03441441975570202,-0.12305819405475082,-0.007277936725998302,0.004369070674484998,-2.1032090187072754,0.13613988459110257,-0.12780167162418368,0.13451927733875052,0.9700352391441919,26.166674113072098,1.0005110411103806,-0.04875536258282863,0.05314658913227062,0.0009788810020836536,1
0.41051793098449707,-0.028054051101207733,-0.10426388680934906,0.3780948221683502,0.03709084540515345,-0.08735191029203498,0.022892167305742173,-0.15362219143005618,-0.0057178164208564475,0.0023879369529851147,-2.0256519317626953,0.1023362949490547,-0.11936401575803758,0.12036476356626774,0.678616456822031,26.204868905956477,1.0852526276506125,-0.03490126052505769,0.051007222287296684,0.0009235629986505955,1
0.4207634925842285,-0.0275428406894207,-0.10529479384422302,0.3780064880847931,0.04193255677290348,-0.059094108447756706,0.020959347917977312,-0.1723949033662553,-0.005563545403584058,0.0008904285607149731,-1.8785160779953003,0.05917190387845038,-0.13920679688453674,0.10097232778587571,0.38011240425398457,26.216261020821555,1.1371717492566316,-0.011003979861256164,0.05861435821092332,0.0027596550025918987,1
0.43080782890319824,-0.026958143338561058,-0.10605969280004501,0.3778105676174164,0.05183491108045826,-0.03835128554129813,0.016977430628332593,-0.19049816203234515,-0.005625743371969971,-0.0007484431801612068,-1.756229043006897,-0.005351065658032912,-0.14985685050487518,0.0692453010186522,0.09038793049168997,26.22868357226665,1.1865020054136066,0.025105595904852878,0.06542401525512562,0.0009032380003191065,1
0.4407954216003418,-0.02581237070262432,-0.1068413108587265,0.37719500064849854,0.04474957660372896,0.01663587242884644,0.0023668241131992724,-0.20686690219142712,-0.00562483492208532,-0.002063698897697197,-1.593401551246643,-0.0041565494611859495,-0.1414821296930313,0.06207714342184909,-0.2874166221084487,26.261763801301232,1.2350938791719799,0.02553409989730658,0.06498046842331037,0.002719913998589618,1
0.45055270195007324,-0.02522941306233406,-0.10677891224622726,0.3767392337322235,0.05382198841727584,0.046181648882563424,-0.0019328694204861128,-0.23388545572206398,-0.006896269878534422,-0.004959226482222245,-1.205288290977478,-0.05384596809744837,-0.14837214350700378,0.05785384555766844,-0.5118973362314488,26.262402932680303,1.2343518269238374,0.025464161206534636,0.06488375089494085,0.0010978270001942292,1
0.46141719818115234,-0.02458341047167778,-0.10640566796064377,0.3761994540691376,0.05785956981050524,0.07243586312929964,-0.00850361656922844,-0.23388545572206398,-0.006896269878534422,-0.004959226482222245,-1.205288290977478,-0.05384596809744837,-0.14837214350700378,0.02895035332627563,-0.891889538400293,26.284990158326107,1.3101868796488803,0.05760653100986514,0.0693824189371891,0.002726478000113275,1
0.47090935707092285,-0.023939451202750206,-0.105766661465168,0.3755936622619629,0.05407391113510363,0.09772374501142725,-0.017081248891550237,-0.24916810005089252,-0.008047067190916302,-0.0068853094034788676,-0.9417980909347534,-0.05472243577241899,-0.13754653930664062,0.02202275875511584,-1.2413221356454205,26.302375905306796,1.2928039450213769,0.06282245877928674,0.06796807768413385,0.0009125280012085568,1
0.48085880279541016,-0.023339994251728058,-0.10484378039836884,0.37492015957832336,0.05340051656164498,0.1253885921128188,-0.02167404741744415,-0.2566525008735865,-0.009094310143549666,-0.008035403520362472,-0.7260954976081848,-0.08317163586616518,-0.14884629845619202,0.017850243750432267,-1.4481585295937907,26.300607486707705,1.2913134616269895,0.06294907035456136,0.06769730347250313,0.003804678999586031,1
0.4908266067504883,-0.023339994251728058,-0.10484378039836884,0.37492015957832336,0.05340051656164498,0.1253885921128188,-0.02167404741744415,-0.2566525008735865,-0.009094310143549666,-0.008035403520362472,-0.7260954976081848,-0.08317163586616518,-0.14884629845619202,0.021204370198060138,-1.6529353344709914,26.302885529760186,1.193505451938586,0.08314751941015874,0.072702270686419,0.0013399109993770253,1
0.5008089542388916,-0.022155525162816048,-0.10208740085363388,0.37341395020484924,0.0524071306264213,0.1863138674203737,-0.03256555318861899,-0.26437336868526407,-0.012703424594528112,-0.010862992073586764,-0.09472840279340744,-0.11721388995647432,-0.14698050916194913,0.033680943749002545,-1.8532322374271586,26.30687917716333,1.0496081262397072,0.10189187949811582,0.07417205590923115,0.0027079700012109242,1
0.5108458995819092,-0.022155525162816048,-0.10208740085363388,0.37341395020484924,0.0524071306264213,0.1863138674203737,-0.03256555318861899,-0.26437336868526407,-0.012703424594528112,-0.010862992073586764,-0.09472840279340744,-0.11721388995647432,-0.14698050916194913,0.045511419367467366,-2.0321508346479824,26.309156302405206,0.868237658361352,0.11575733519484492,0.07622506759834248,0.001324753997323569,1
0.5207018852233887,-0.021544909104704857,-0.10025203973054886,0.3725791573524475,0.05437230003558588,0.21323102432842914,-0.03782422931991906,-0.26293693088419223,-0.014348503603973661,-0.011955099572336092,0.17710526287555695,-0.12359907478094102,-0.1427756696939468,0.05310991470604149,-2.187021700774579,26.313292633439556,0.7155742827436538,0.1251080812309454,0.07627718486779107,0.0020815280004171655,1
0.5308322906494141,-0.02094237506389618,-0.09808077663183212,0.3716961741447449,0.056511998744743205,0.24042057737051692,-0.044589433810060475,-0.2585949388844768,-0.01611561856245336,-0.012836245761945975,0.4990357458591461,-0.14098198711872104,-0.13188129663467404,0.05956191431352868,-2.3180758492068914,26.322008770671456,0.5287928691758796,0.1404499148664351,0.07370118896656272,0.0008830539991322439,1
0.5408198833465576,-0.02034630812704563,-0.09563775360584259,0.370758980512619,0.05586798907471182,0.26731988602953444,-0.05071070957852629,-0.251781740313183,-0.017845829884288733,-0.013730236902340653,0.7459076642990112,-0.1423255503177643,-0.12464147061109541,0.07041829258924018,-2.4323689540679645,26.33161487103601,0.37664555245661513,0.14731776181097986,0.07152322752414884,0.0029782710007566493,1
0.5507924556732178,-0.019768184050917625,-0.09289450943470001,0.3698044419288635,0.05458114291767091,0.28975170866601857,-0.05492037860167473,-0.2422685590195921,-0.019656975597554638,-0.014512043022872678,1.0592944622039795,-0.15926592051982882,-0.1157199516892433,0.08695841822591194,-2.517519422988703,26.339197835729077,0.0009112081626246327,0.16235252371273556,0.06898920175236557,0.0010817629990924615,1
0.5608310699462891,-0.018624793738126755,-0.08672696352005005,0.36783355474472046,0.05157079219303526,0.3306663916961777,-0.05859626883728627,-0.22990062424515756,-0.02143020728763112,-0.015256834672322306,1.330472707748413,-0.16304220259189606,-0.11307371407747267,0.09683202799442625,-2.569094815913301,26.339708553441906,0.0009104889295842593,0.1631829017757354,0.06871077409975329,0.00345391700102482,1
0.5708603858947754,-0.018084151670336723,-0.08333826810121536,0.36682963371276855,0.050307761891656325,0.3463437556877876,-0.06029877077977313,-0.20701656177505834,-0.024075909036073373,-0.016145572780251083,1.6950926780700684,-0.16014203429222107,-0.09385063499212264,0.11420919612555,-2.6785357067881956,26.343553097241294,0.0009053777685512924,0.17172543893714756,0.06830638786109004,0.002785079002933344,1
0.5808610916137695,-0.017563216388225555,-0.07979882508516312,0.36580875515937805,0.0504298519495084,0.35917597769338155,-0.06323465771409609,-0.18829753980698882,-0.025775052002294352,-0.016810171210406732,1.9385985136032104,-0.16205570101737976,-0.09452901035547255,0.13555942263404308,-2.71236252266748,26.350400294420826,0.0007267843907305845,0.1788047556876991,0.061891275571080845,0.0026121420014533214,1
0.5908923149108887,-0.017563216388225555,-0.07979882508516312,0.36580875515937805,0.0504298519495084,0.35917597769338155,-0.06323465771409609,-0.18829753980698882,-0.025775052002294352,-0.016810171210406732,1.9385985136032104,-0.16205570101737976,-0.09452901035547255,0.15395706933050174,-2.7131837646777446,26.361667867168443,0.0007373077930633667,0.18588799598625103,0.061146269191301034,0.000998437997623114,1
0.600862979888916,-0.01666456088423729,-0.07216660678386688,0.36385831236839294,0.038073973086126534,0.390172122351453,-0.06704491224859933,-0.13225223827050625,-0.02963225664683078,-0.017832949199462877,2.3785550594329834,-0.1432836502790451,-0.05718485265970228,0.20583886093267859,-2.6104424495361536,26.386861040641982,-0.09501685747284866,0.18706652810747323,0.047977270627014845,0.0029357350031204987,1
0.6108565330505371,-0.01666456088423729,-0.07216660678386688,0.36385831236839294,0.038073973086126534,0.390172122351453,-0.06704491224859933,-0.13225223827050625,-0.02963225664683078,-0.017832949199462877,2.3785550594329834,-0.1432836502790451,-0.05718485265970228,0.23617624711905244,-2.557511000417215,26.390324695097714,-0.09768434762136839,0.18870717237001233,0.04536886378636346,0.0009515710007690359,1
0.6208117008209229,-0.015850340947508812,-0.06399905681610107,0.3619736433029175,0.03828739113915924,0.3947853139965557,-0.06385105438007917,-0.08168772805551061,-0.03216992803223162,-0.018499557823006274,2.5962302684783936,-0.10360492765903473,-0.02440949901938437,0.24412599156865286,-2.507727317213837,26.387337810940142,-0.13223458043324357,0.18708376092681472,0.04394121681109267,0.0034582469997985754,1
0.6305758953094482,-0.015850340947508812,-0.06399905681610107,0.3619736433029175,0.03828739113915924,0.3947853139965557,-0.06385105438007917,-0.08168772805551061,-0.03216992803223162,-0.018499557823006274,2.5962302684783936,-0.10360492765903473,-0.02440949901938437,0.2613878258139976,-2.356807087131504,26.39946136830805,-0.2510152069719108,0.17484719451545164,0.0328849170168219,0.0009039370015671011,1
0.6408727169036865,-0.015526929870247841,-0.05988267809152603,0.36109650135040283,0.028260256126782644,0.3988223667771911,-0.062312578768837806,-0.05483910908872325,-0.033276137841689035,-0.018425552207978146,2.684770107269287,-0.11013413965702057,-0.012612387537956224,0.29835497259460747,-2.1964086376593674,26.406578821660514,-0.3510938205048779,0.18305434241745436,0.026556434641104926,0.0027637769999273587,1
0.6508738994598389,-0.014970766380429268,-0.051581528037786484,0.35955289006233215,0.021885445081479497,0.3892021175543571,-0.05297788403625538,-0.027989663582198787,-0.03452700584048918,-0.018720740854529794,2.7009782791137695,-0.1082146093249321,-0.00968731194734572,0.335135874176919,-2.0145039041188917,26.393241178942432,-0.45170069215810993,0.18714349693595614,0.024221535761058854,0.0009044959988386836,1
0.6608359813690186,-0.014792819507420063,-0.047412410378456116,0.35897570848464966,0.02262029167012788,0.37986251712032626,-0.04238727981463461,0.01293481601151214,-0.03560425669234446,-0.01834024382991606,2.752662181854248,-0.07358673959970474,0.025604987516999255,0.35211142012688784,-1.758037593267046,26.378189685585397,-0.6043495823686179,0.17214068579257466,0.010782395172372934,0.003156167000270216,1
0.6708381175994873,-0.014638201333582401,-0.043371282517910004,0.3585031032562256,0.015856789765571533,0.36644276979996443,-0.034536699979541605,0.040744527017609666,-0.03610389888135179,-0.018217996977509365,2.7878730297088623,-0.058512136340141296,0.025922557339072234,0.3756314267931269,-1.4827631492199647,26.36443433368928,-0.6771806153870571,0.1657900759743016,0.008056366950883808,0.0008949269977165386,1
0.6808557510375977,-0.014534978196024895,-0.039427317678928375,0.35819360613822937,0.014784116223609515,0.35043174032513047,-0.020996904319178018,0.06837310394231277,-0.036729150634250196,-0.017927723165290566,2.758286714553833,-0.04279492050409316,0.03886434435844422,0.3894785853122369,-1.3294340552612498,26.360709171790926,-0.709045972410854,0.1662194308235976,0.0072591406593325615,0.0034105429986084346,1
0.690833568572998,-0.014450826682150364,-0.03565523773431778,0.35802847146987915,0.010685935109997156,0.3284250199012096,-0.008696385672899404,0.09584069440731824,-0.03709852691118032,-0.017452759892965464,2.7746658325195312,-0.03314447030425071,0.06364211440086365,0.4005988746625442,-1.0130105352818854,26.309509797026458,-0.9097667463354618,0.15798089028669496,-0.006627996236498589,0.001098944998375373,1
0.7008373737335205,-0.01443888433277607,-0.032113246619701385,0.35799747705459595,0.0028772739952671426,0.308113187178071,0.006713493923319895,0.12328670072377257,-0.03731510724640419,-0.016750481073902534,2.751049280166626,-0.00829442031681537,0.060144271701574326,0.40727428093301093,-0.8230060168823142,26.299585468842235,-0.9110628867459688,0.15763302659317857,-0.009498033943136645,0.0035387089992582332,1
0.710590124130249,-0.014479201287031174,-0.028754867613315582,0.35819342732429504,0.00010025752559772771,0.2829549908226605,0.021766731772571702,0.16373162673736807,-0.03748339561360803,-0.015754277091513114,2.7038965225219727,0.0003894540714100096,0.07590439915657043,0.4220978391080876,-0.6015597527298248,26.264542062019544,-0.9917424953548086,0.1459675420292688,-0.009216853836987426,0.001395019000483444,1
0.720862627029419,-0.014579816721379757,-0.025666017085313797,0.3585345149040222,-0.004852086267211823,0.25541415698190356,0.037229568651916255,0.189991221583528,-0.037649041712970455,-0.01469177216647033,2.640197277069092,0.010764883831143391,0.10171443223953247,0.4321932090678263,-0.3124893481552053,26.23004360096023,-1.101341867466473,0.14339112389214687,-0.014996871897994833,0.003090232999966247,1
0.7308299541473389,-0.014579816721379757,-0.025666017085313797,0.3585345149040222,-0.004852086267211823,0.25541415698190356,0.037229568651916255,0.189991221583528,-0.037649041712970455,-0.01469177216647033,2.640197277069092,0.010764883831143391,0.10171443223953247,0.44363145839868795,-0.03179105228651896,26.18788733009952,-1.1716162112328283,0.1401370694145983,-0.02568312668641671,0.0009214679994329344,1
0.7408270835876465,-0.01472537498921156,-0.022848736494779587,0.359079509973526,-0.01121648685534265,0.22855374118831145,0.05275743365237183,0.2146885217700487,-0.03763467724417113,-0.01373684631247718,2.438217878341675,-0.011833520606160152,0.09625651687383652,0.4618465683497614,0.2318020917637887,26.143345864134364,-1.2374839077929471,0.153709096378298,-0.02672012819798879,0.0027433809991634917,1
0.7508277893066406,-0.014925430528819561,-0.020339906215667725,0.35980790853500366,-0.01025808720340375,0.19364224115026948,0.06697582985816078,0.23829646608167643,-0.03786931709242003,-0.01264763793961432,2.35351824760437,0.036630123853683486,0.1197938546538353,0.4623742963421208,0.49711330423043953,26.099668275656807,-1.29991246846766,0.12944292277793465,-0.03541474814842599,0.000913017000129912,1
0.7608315944671631,-0.015437056310474873,-0.016333255916833878,0.3617006838321686,-0.017272875129175285,0.12882744926624104,0.09417097617019446,0.2709618261866509,-0.0374473125528354,-0.010451075888183059,2.1470842361450195,0.06654522567987443,0.13652834296226501,0.4668787645571617,0.8091635580862577,26.019756567497208,-1.3827664393794246,0.11346165580388623,-0.04379964388422389,0.002716839997447096,1
0.7708332538604736,-0.015721697360277176,-0.014887291938066483,0.3628470003604889,-0.018266608984388238,0.08834134004480365,0.10365838580254302,0.2994358807178332,-0.03687878943155454,-0.00812738990995232,1.8171128034591675,0.08772610872983934,0.1443326622247696,0.46941530691238986,0.9941105196148059,26.003515119360934,-1.3829621423834975,0.1130380475208053,-0.045545443483491446,0.0013075029964966234,1
0.7808942794799805,-0.016045672819018364,-0.013840483501553535,0.36408713459968567,-0.029357040348293808,0.052260756111207986,0.11050887416146793,0.2994358807178332,-0.03687878943155454,-0.00812738990995232,1.8171128034591675,0.08772610872983934,0.1443326622247696,0.4909476365348046,1.294594097682368,25.94923134652701,-1.4569012871263107,0.10178973910200703,-0.0496065515362834,0.0027209609979763627,1
0.7908539772033691,-0.01645420305430889,-0.01315001118928194,0.3654283285140991,-0.03354168365550751,0.02004511912154756,0.11882156865199815,0.3235252471111649,-0.03585475222842183,-0.005189160055296682,1.455249547958374,0.1381589323282242,0.1707031279802322,0.5044577705686506,1.469318451885839,25.936891346840756,-1.4570550406879776,0.1014384221962172,-0.050490985835909045,0.001144275000115158,1
0.800800085067749,-0.016883544623851776,-0.012851765379309654,0.3668184280395508,-0.029247429160478636,-0.01963848561054878,0.12265240422959384,0.336050086438481,-0.035266548955028565,-0.003477717545521841,1.1906038522720337,0.13477788865566256,0.16663211584091184,0.5155249886038428,1.6774110159471687,25.910570507685943,-1.5172290809854678,0.07225403886424381,-0.06077826743790603,0.0008999560013762675,1
0.8108365535736084,-0.017304323613643646,-0.012960526160895824,0.368215411901474,-0.02901808379903775,-0.0602403269618681,0.11742558888721884,0.3462300987878164,-0.03445928768772477,-0.001507504941639759,0.9300844073295593,0.1586558520793915,0.16916185617446897,0.511977733261162,1.9028359735694031,25.8871648388386,-1.5509747761808816,0.07140530109206397,-0.06240590142433748,0.0034317760000703856,1
0.8208537101745605,-0.017304323613643646,-0.012960526160895824,0.368215411901474,-0.02901808379903775,-0.0602403269618681,0.11742558888721884,0.3462300987878164,-0.03445928768772477,-0.001507504941639759,0.9300844073295593,0.1586558520793915,0.16916185617446897,0.5092046121812756,2.151830813651968,25.8824694140306,-1.5154259904300584,0.055225258615890505,-0.06475413573190231,0.0009100130009755958,1
0.8308367729187012,-0.01817401684820652,-0.014488271437585354,0.3708610236644745,-0.03846319768467486,-0.14200979589043636,0.1058266362252179,0.3596134265666504,-0.032192769234457685,0.004059565275965404,0.3174038529396057,0.17073434591293338,0.1801018118858337,0.521603459261627,2.3924000786479525,25.87830011106338,-1.3461514200102693,0.05492654151981302,-0.07178735464838554,0.0023233320025610738,1
0.8408434391021729,-0.01817401684820652,-0.014488271437585354,0.3708610236644745,-0.03846319768467486,-0.14200979589043636,0.1058266362252179,0.3596134265666504,-0.032192769234457685,0.004059565275965404,0.3174038529396057,0.17073434591293338,0.1801018118858337,0.5388036444416822,2.624961831758517,25.8727460582266,-1.216794071293723,0.04049267254802981,-0.07500007534556637,0.0008762090001255274,1
0.8508460521697998,-0.01864195615053177,-0.01592850498855114,0.37204644083976746,-0.03660401329413357,-0.18065638839146525,0.10071912410982699,0.36024511172339,-0.03140372440919048,0.006306007022428783,0.0353459008038044,0.18524214625358584,0.18095694482326505,0.5462144210082954,2.837328291532929,25.866558002552537,-1.0654949780692753,0.028648579585519397,-0.07759340228227055,0.002397158998064697,1
0.8608479499816895,-0.019620317965745926,-0.019962459802627563,0.37416204810142517,-0.03788387003377888,-0.252103270464895,0.08275645746172933,0.35805767252824605,-0.03046021710387503,0.008623383342168722,-0.2846139073371887,0.18588186800479892,0.1847010105848312,0.5624867634286481,3.148983745387142,25.88153852076106,-0.8876241431828717,0.024361708463872464,-0.08151251940104859,0.0009450749967072625,1
0.87080979347229,-0.020125050097703934,-0.022534145042300224,0.3750738799571991,-0.04046117519058882,-0.28389042607528553,0.07270408522981078,0.3447057606535626,-0.028323331585536238,0.013346240434041423,-0.9279142022132874,0.17934252321720126,0.19013094902038571,0.5719642790714581,3.331228006203553,25.879836014631437,-0.8875362792934063,0.02480863226184515,-0.08203516720645014,0.001989052998396801,1
0.8809483051300049,-0.020645136013627052,-0.02541549690067768,0.3759119510650635,-0.04389201798372445,-0.3139266374785322,0.06217385307445118,0.33364505665717425,-0.027374441282989714,0.015593370428073072,-1.2190420627593994,0.17922805249691012,0.18531350791454312,0.5873999147632362,3.475013371939187,25.890830762879105,-0.27728909108639477,0.01635994385733821,-0.08842705301997687,0.0012665739996009506,1
0.8908376693725586,-0.021178297698497772,-0.028707468882203102,0.3766140639781952,-0.04592081100045272,-0.3457764684092807,0.0523542999454738,0.33364505665717425,-0.027374441282989714,0.015593370428073072,-1.2190420627593994,0.17922805249691012,0.18531350791454312,0.6201800398753265,3.7452593540629673,25.923848404017093,0.0019360712018740567,0.013796673444705936,-0.08853830574706098,0.003114259001449682,1
0.9008193016052246,-0.021707303822040558,-0.03236120194196701,0.37719839811325073,-0.0460715431213346,-0.37293031778964825,0.04798253923764604,0.3113963192318723,-0.02615120000864346,0.01886963464572089,-1.6643000841140747,0.15017816424369815,0.1818299442529678,0.6448617625371701,3.921902910251769,25.934678966935145,0.001612088366467019,0.026773711166858782,-0.08853028437042484,0.0010013009996328037,1
0.9108798503875732,-0.022241072729229927,-0.036253225058317184,0.3777158856391907,-0.04324790420153939,-0.39551210389710095,0.044547634779493916,0.29305674334792897,-0.025195969785719363,0.020863869445722827,-1.891825556755066,0.1478911489248276,0.1519193351268768,0.6562811651006655,4.051624799861445,25.94192383457098,0.0013199093043151317,0.022094701861177467,-0.0798514797067494,0.0024540119993616827,1
0.920565128326416,-0.022241072729229927,-0.036253225058317184,0.3777158856391907,-0.04324790420153939,-0.39551210389710095,0.044547634779493916,0.29305674334792897,-0.025195969785719363,0.020863869445722827,-1.891825556755066,0.1478911489248276,0.1519193351268768,0.6646734057075777,4.1370160042555035,25.941107919954437,0.0013188866254586387,0.020985851274276355,-0.07900808909264889,0.0009688239988463465,1
0.9308111667633057,-0.023211879655718803,-0.0448693186044693,0.3784313201904297,-0.03639112279465244,-0.4430997366409908,0.02805226313900843,0.2367976486195409,-0.023136980253730233,0.025187004176288497,-2.4463951587677,0.11084723472595216,0.12810735404491425,0.6605469347234216,4.218862593266157,25.955809941712133,0.0013500969767049678,0.0214510930984762,-0.0844172881085386,0.0036939749988960102,1
0.9408271312713623,-0.023211879655718803,-0.0448693186044693,0.3784313201904297,-0.03639112279465244,-0.4430997366409908,0.02805226313900843,0.2367976486195409,-0.023136980253730233,0.025187004176288497,-2.4463951587677,0.11084723472595216,0.12810735404491425,0.663889610544284,4.271365024353014,25.99250183943353,0.0008457382483136423,0.031155969606140855,-0.07579346835308709,0.0009390690029249527,1
0.9508717060089111,-0.02410912699997425,-0.05438190698623657,0.37881118059158325,-0.038628383536729906,-0.4739509520691455,0.019671825693038058,0.18301111254344837,-0.02162983923314643,0.02799280543568905,-2.8483164310455322,0.10279169678688051,0.11577790230512618,0.6787618396453764,4.306105741368601,26.019994409307362,0.0008662388434209334,0.025497219152086727,-0.07463980062169019,0.002896272999350913,1
0.9608023166656494,-0.02410912699997425,-0.05438190698623657,0.37881118059158325,-0.038628383536729906,-0.4739509520691455,0.019671825693038058,0.18301111254344837,-0.02162983923314643,0.02799280543568905,-2.8483164310455322,0.10279169678688051,0.11577790230512618,0.6881704569328659,4.307455072998264,26.04212042844319,0.0007079774177281288,0.02912740571653767,-0.07184663876395878,0.0010009520010498818,1
0.9708352088928223,-0.02454211749136448,-0.05935761332511902,0.3788055181503296,-0.033908012168946594,-0.4729098377797271,0.015021967972104661,0.15319120193598756,-0.020974251072201966,0.0291435397643669,-2.999410629272461,0.08784268051385881,0.09068807214498519,0.6867052637688104,4.256899612554071,26.0731121202533,0.03212182023087832,0.03334520360327744,-0.06362854963542305,0.0030583830011892132,1
0.9808568954467773,-0.024943578988313675,-0.06437970697879791,0.3787524998188019,-0.03500552713758757,-0.4855403005195328,0.008472000411380874,0.10622777681166262,-0.02009470266796054,0.03041542113323814,-3.160850763320923,0.05804553627967835,0.07228597998619078,0.6944675148142152,4.159251248144663,26.120856661083646,0.16048373386486167,0.045893111633737695,-0.056911102840439785,0.0012070660013705492,1
0.9907975196838379,-0.025328543037176132,-0.06954161822795868,0.37855955958366394,-0.03452139761310406,-0.48800915480284807,0.0036677120017728406,0.07372369546730262,-0.01950889503702591,0.03096760827339473,-3.2535712718963623,0.048187214881181724,0.055582944303750985,0.7012147435065896,4.042563317794209,26.160322714418566,0.26926808596665003,0.048907290472644686,-0.05002780128788029,0.0027175389986950904,1
1.0008320808410645,-0.026070086285471916,-0.07980476319789886,0.37805700302124023,-0.029011147262502455,-0.4810239672695154,-0.0031026943380236473,0.05756792866849114,-0.019587403227195654,0.031198138033034617,-3.276460647583008,0.02912012301385403,0.033732306212186806,0.6996747301122338,3.957943319141998,26.193989619408686,0.3301855910353716,0.05899145076135149,-0.041237102603533034,0.0009121090006374288,1
1.0108413696289062,-0.026408687233924866,-0.08488338440656662,0.37765875458717346,-0.029027430625487582,-0.4675483704234208,-0.008888697701436417,0.007932394435902879,-0.01913241938646193,0.03142850224543903,-3.331671953201294,0.02662815898656845,0.01409304607659578,0.6993048521074431,3.733549907604271,26.2479322472441,0.45860973288300344,0.05940746911208704,-0.032820447700881904,0.00272159000087413,1
1.0208241939544678,-0.026408687233924866,-0.08488338440656662,0.37765875458717346,-0.029027430625487582,-0.4675483704234208,-0.008888697701436417,0.007932394435902879,-0.01913241938646193,0.03142850224543903,-3.331671953201294,0.02662815898656845,0.01409304607659578,0.7001397466521259,3.615510946307373,26.254128760012176,0.5165374584137917,0.05893053203304437,-0.0308881941378846,0.0009010739995574113,1
1.0308330059051514,-0.026961663737893105,-0.09461522847414017,0.37664222717285156,-0.025373749974526016,-0.4348382652778361,-0.021559369306574188,-0.07541709338756641,-0.02018257612735841,0.03082395076487776,-3.3500478267669678,-0.061680827289819724,-0.05213041976094245,0.705802463796462,3.213268063956678,26.34352787670194,0.7722311331051148,0.11207487659236788,-0.007821981285948135,0.0028310369998507667,1
1.0407655239105225,-0.026961663737893105,-0.09461522847414017,0.37664222717285156,-0.025373749974526016,-0.4348382652778361,-0.021559369306574188,-0.07541709338756641,-0.02018257612735841,0.03082395076487776,-3.3500478267669678,-0.061680827289819724,-0.05213041976094245,0.7097381676920147,2.988955901162027,26.353053462086194,0.8312783740397814,0.1134458014050972,-0.0021561460112475006,0.0009012139998958446,1
1.0508315563201904,-0.0274315495043993,-0.10359018296003342,0.375222772359848,-0.027536448718546755,-0.391488641684382,-0.03490893679835448,-0.14161129903878944,-0.021639947361250744,0.02957166260326627,-3.2892582416534424,-0.08731698244810106,-0.08436837792396544,0.7054220620073599,2.6984445819262053,26.387839413013946,0.9434189542417546,0.11530197677152505,0.004322537860837946,0.0029348269999900367,1
1.060800552368164,-0.0274315495043993,-0.10359018296003342,0.375222772359848,-0.027536448718546755,-0.391488641684382,-0.03490893679835448,-0.14161129903878944,-0.021639947361250744,0.02957166260326627,-3.2892582416534424,-0.08731698244810106,-0.08436837792396544,0.7242690638374986,2.3533619842417126,26.43096735390617,1.0387661853221317,0.13554596703578164,0.012419340606082269,0.0009103630000026897,1
1.0708327293395996,-0.027879973873496056,-0.11145401746034622,0.3733777403831482,-0.024161792278844234,-0.3310089712144019,-0.0518788430472395,-0.20661150799986272,-0.023966421550173145,0.027529559456593855,-3.239211320877075,-0.12544712424278262,-0.13043102622032163,0.7289439861648046,1.9340227157024636,26.474347845628873,1.1293661543076072,0.1417687746581122,0.020975516430788398,0.0027935300022363663,1
1.080547571182251,-0.027879973873496056,-0.11145401746034622,0.3733777403831482,-0.024161792278844234,-0.3310089712144019,-0.0518788430472395,-0.20661150799986272,-0.023966421550173145,0.027529559456593855,-3.239211320877075,-0.12544712424278262,-0.13043102622032163,0.7442402677974714,1.4909422623808672,26.51260215761731,1.2173716415117901,0.16883937231975568,0.03366268695967729,0.0009214679994329344,1
1.0908331871032715,-0.028216514736413956,-0.11799889802932739,0.37108349800109863,-0.01656125952599471,-0.25722775003304943,-0.07472097015239632,-0.25371882178372385,-0.02648750305746761,0.025845592630544978,-3.131693124771118,-0.13369449973106387,-0.14920561015605924,0.7497273218336755,0.8240760035795006,26.584816648044697,1.3474770182094786,0.18533570831901242,0.04426543857571992,0.0030343559992616065,1
1.100830316543579,-0.02836563065648079,-0.12070288509130478,0.36975932121276855,-0.02246032766572027,-0.21970872764290095,-0.08555684974479959,-0.2840069761322428,-0.028046867879732318,0.024704597743003376,-3.039839506149292,-0.129401370882988,-0.16112919151782987,0.7738831279408815,0.1854149101006105,26.620408154940414,1.4262014227315707,0.1914539757255808,0.05148904791076302,0.0009505929992883466,1
1.1109187602996826,-0.028531203046441078,-0.12296120822429657,0.36830824613571167,-0.02033838764730759,-0.1737976093586667,-0.09641658744613663,-0.31248826671098495,-0.029963769739211443,0.023379864717465004,-2.8662357330322266,-0.13316844403743747,-0.17858883738517758,0.7927854117254229,-0.4568893925603049,26.644332768285295,1.50267640772143,0.20084086634981219,0.05964833965097245,0.0016808250002213754,1
1.1207261085510254,-0.028655020520091057,-0.12476863712072372,0.3667345345020294,-0.015252321954352482,-0.13089577855942097,-0.10948873307459552,-0.3397638937067433,-0.03204576134904524,0.021872279409415718,-2.693485975265503,-0.15291546285152438,-0.20217777788639066,0.8037521219094489,-0.827873595327288,26.638780700625325,1.4977230061868554,0.20283377627537227,0.06193683151128648,0.0012220820026414003,1
1.1308350563049316,-0.02874421887099743,-0.12607131898403168,0.36505797505378723,-0.015991674847543533,-0.08794044624585985,-0.12186749360199195,-0.36531022443816097,-0.03408521560167177,0.02035405520982181,-2.4781250953674316,-0.152799665927887,-0.22241136431694028,0.8118532784694702,-1.30766639896916,26.662684877545434,1.569351334829612,0.22460281087703451,0.07211488538010624,0.0036862220003968105,1
1.140784740447998,-0.02874421887099743,-0.12607131898403168,0.36505797505378723,-0.015991674847543533,-0.08794044624585985,-0.12186749360199195,-0.36531022443816097,-0.03408521560167177,0.02035405520982181,-2.4781250953674316,-0.152799665927887,-0.22241136431694028,0.8296518482966533,-1.8452874535121306,26.683674210814566,1.6369466034627544,0.23560569235428447,0.08258510648451958,0.0009799990002647974,1
1.1506259441375732,-0.028932485729455948,-0.12727031111717224,0.3615046739578247,-0.015439469983018018,0.004645761335862948,-0.12893037448042532,-0.4192625333733164,-0.03960643005449782,0.016193146521132906,-1.9754825830459595,-0.1280387490987778,-0.24430751800537107,0.8489705975112591,-2.3854140361014453,26.680829346543604,1.6974851192787526,0.2466088086917598,0.09030607521315276,0.004076866000104928,1
1.1606359481811523,-0.028932485729455948,-0.12727031111717224,0.3615046739578247,-0.015439469983018018,0.004645761335862948,-0.12893037448042532,-0.4192625333733164,-0.03960643005449782,0.016193146521132906,-1.9754825830459595,-0.1280387490987778,-0.24430751800537107,0.8723286117300577,-2.9620928502710155,26.666175401469577,1.7770512863249992,0.2489257780306772,0.09674892088026525,0.0009447970005567186,1
1.170619249343872,-0.029028628021478653,-0.1271415501832962,0.35971197485923767,-0.01739488687540547,0.054336219630764314,-0.12887527127945034,-0.43603502149154716,-0.041650155616949736,0.014268607394446242,-1.6519503593444824,-0.10944657027721408,-0.2589014172554016,0.8964434436182498,-3.480903318589494,26.639298198354755,1.8208855833085285,0.24885772485348465,0.10414218083803936,0.0030242989996622782,1
1.1807875633239746,-0.029133062809705734,-0.12643201649188995,0.3579745590686798,-0.018061695468738287,0.10557932999106702,-0.1265360571888795,-0.4495576469010967,-0.04374564361482225,0.012145001283361712,-1.2551888227462769,-0.09481530636549,-0.28452664613723755,0.9180860007456174,-3.9427104520733613,26.604278665417326,1.8561134019395644,0.2517953354663042,0.11575441187713721,0.0009487080023973249,1
1.1906158924102783,-0.029232323169708252,-0.12522350251674652,0.3562915623188019,-0.015893105215643695,0.15504751905383482,-0.11809839469843156,-0.4596250906418873,-0.04571243778378831,0.010023779673074884,-0.881255030632019,-0.07425236701965335,-0.2816009521484375,0.9271559510149052,-4.303950330711813,26.553031933702464,1.7913190142059277,0.24746004020046866,0.1184997170260975,0.0029713559997617267,1
1.2008576393127441,-0.029403328895568848,-0.12117713689804077,0.35336169600486755,-0.017794424290181778,0.25569647222076464,-0.09693822007090074,-0.46579214829840776,-0.04737294517571122,0.007640573569934972,-0.4796070158481598,-0.03415964543819431,-0.29952937364578247,0.9283441721874728,-4.621427251298156,26.45337901689919,1.5657852831345207,0.23096587095604937,0.1268383631925869,0.0009373230022902135,1
1.210578441619873,-0.029501819983124733,-0.11831476539373398,0.3521338105201721,-0.018327073696259407,0.3046965567894321,-0.08378712657798852,-0.4680078764409026,-0.04966824018478455,0.003583580291962818,-0.008208142593502998,-0.005737135186791457,-0.30413928627967834,0.9301157994955723,-4.822689038776506,26.382909734360187,1.246609042155634,0.22108200578817538,0.13287243403066445,0.0031195679985103197,1
1.220808506011963,-0.029605912044644356,-0.11496978253126144,0.3510526716709137,-0.01868246127518305,0.35374811318504396,-0.06877698689665675,-0.4641162432006145,-0.05105856413375509,0.0008542571623419981,0.36658811569213867,-0.0011062030680477992,-0.304543673992157,0.930798858351647,-4.939942085625819,26.36888496103049,1.246531968113259,0.22256459387015196,0.13403244630380592,0.0011389659994165413,1
1.2306082248687744,-0.029739538207650185,-0.11102509498596191,0.3502020537853241,-0.022540949260813917,0.40192827569858613,-0.053825121705918216,-0.4555957674840667,-0.05222830349342944,-0.002191676766007067,1.0051831007003784,0.0400348380208015,-0.3211413621902466,0.9294918920058014,-5.006339744846794,26.312911660887394,0.951911071900232,0.22129573172915723,0.1367114666644091,0.0021608719980577007,1
1.2408044338226318,-0.029925378039479256,-0.10663238167762756,0.3495146334171295,-0.029490365528306944,0.44082533871220786,-0.0388072011837653,-0.4426315912684715,-0.053137113241366496,-0.005461074946607969,1.4398705959320068,0.07469937950372692,-0.3232804238796234,0.9420244302708624,-4.996010597011685,26.208614054581798,-0.001851530153618941,0.17921693499297425,0.14462126575522893,0.0029114989993104246,1
1.2505416870117188,-0.029925378039479256,-0.10663238167762756,0.3495146334171295,-0.029490365528306944,0.44082533871220786,-0.0388072011837653,-0.4426315912684715,-0.053137113241366496,-0.005461074946607969,1.4398705959320068,0.07469937950372692,-0.3232804238796234,0.9500751914921829,-5.00287227416595,26.19163242487202,-0.0018668624825971068,0.18494525609613502,0.14699559679310276,0.0009982980009226594,1
1.2607834339141846,-0.030401887372136116,-0.09654807299375534,0.3487679362297058,-0.026009246361818228,0.5086179320871602,-0.0157242862771446,-0.39005460228975597,-0.05410642305718927,-0.013906283963639687,2.4312174320220947,0.12067297101020809,-0.32549482583999634,0.9569092686648416,-4.975268675928428,26.14823725109418,-0.0020529032835843795,0.17863059996179262,0.147164183832175,0.002434245998301776,1
1.2706053256988525,-0.030401887372136116,-0.09654807299375534,0.3487679362297058,-0.026009246361818228,0.5086179320871602,-0.0157242862771446,-0.39005460228975597,-0.05410642305718927,-0.013906283963639687,2.4312174320220947,0.12067297101020809,-0.32549482583999634,0.9447096499081821,-4.893934195395402,26.118055052350133,-0.0026730708179739803,0.15793649412264643,0.15204196800599826,0.0009153210012300406,1
1.280794620513916,-0.030824074521660805,-0.08482613414525986,0.3485923707485199,-0.027656946096857246,0.5739400354748088,-0.007895440148984488,-0.33020044765086176,-0.053107888435148354,-0.021237069307091794,3.2078781127929688,0.19016820192337033,-0.30665814876556396,0.9363581506108779,-4.84985706352014,26.102494862397904,-0.0033768187946402297,0.1270541409938939,0.15075422076449976,0.0030040439996810164,1
1.2913379669189453,-0.030824074521660805,-0.08482613414525986,0.3485923707485199,-0.027656946096857246,0.5739400354748088,-0.007895440148984488,-0.33020044765086176,-0.053107888435148354,-0.021237069307091794,3.2078781127929688,0.19016820192337033,-0.30665814876556396,0.9316020313564544,-4.7855164141664694,26.09125027703491,-0.003630476554424072,0.10990449528397071,0.1498289375004487,0.001047049998305738,1
1.3006494045257568,-0.03108864463865757,-0.07852203398942947,0.34857118129730225,-0.03253367998687017,0.5978392327815764,-0.009971214467798487,-0.2954553374661213,-0.052128865459868834,-0.024679859004681504,3.5909204483032227,0.21011315286159513,-0.2994314432144165,0.941549066870696,-4.723583994234259,26.100922907769693,-0.003847497364569904,0.09314145350017321,0.14958171890560934,0.0029214860005595256,1
1.310863733291626,-0.03174985572695732,-0.06512059271335602,0.3487842082977295,-0.036577507189045816,0.627752959150176,-0.008614994100280016,-0.2575048219183018,-0.050709067324402834,-0.02827053953959613,3.860532760620117,0.23256306350231168,-0.30090764164924627,0.9593643474010763,-4.687970439976102,26.105906888327784,-0.00420689552657044,0.0739369333396068,0.15275252002376288,0.0017348159999528434,1
1.320777416229248,-0.032099075615406036,-0.058212436735630035,0.348957359790802,-0.03777101523561166,0.6380047196811728,-0.006026839491189129,-0.19640154160172596,-0.047943866501356514,-0.03316678883198154,4.15393590927124,0.26234647631645197,-0.2718562781810761,0.9688474129503125,-4.534039743831367,26.128250895646914,-0.004195091337712139,0.043358744587153594,0.14729417664447217,0.0032524140005989466,1
1.3320879936218262,-0.03251265361905098,-0.05120360478758812,0.3492068946361542,-0.044036613362089264,0.6381703013585234,-0.0020742698554581697,-0.15247256459172798,-0.04552545359748095,-0.03631673193070606,4.390158653259277,0.2927751243114471,-0.2618734240531922,0.9745940860234942,-4.441288996450038,26.13222779989506,-0.004194931068256186,0.04299186631394433,0.14644191919054678,0.0013408890008577146,1
1.3406124114990234,-0.032941777259111404,-0.04421117901802063,0.3494773507118225,-0.042151811066166785,0.6374253033236276,-0.0013923763657312368,-0.10634282353109237,-0.04295543585649275,-0.03918789307473647,4.671529769897461,0.3123112022876739,-0.23563884198665622,0.987759653315294,-4.282110494443239,26.146009918572638,-0.028625304689197488,0.015715736307629635,0.14525204865568075,0.0010654889993020333,1
1.3507566452026367,-0.03333427011966705,-0.037214066833257675,0.34983548521995544,-0.03606130264028537,0.6214588880281645,-0.0011084997698744008,-0.0589669587029622,-0.03996914997098244,-0.04192361996644056,4.7937421798706055,0.3135322332382202,-0.22295221686363223,0.9884462010341524,-4.081895735779614,26.172983031252944,-0.15509667545298303,-0.007379512886870811,0.1384861745234993,0.00326917699931073,1
1.360624074935913,-0.03333427011966705,-0.037214066833257675,0.34983548521995544,-0.03606130264028537,0.6214588880281645,-0.0011084997698744008,-0.0589669587029622,-0.03996914997098244,-0.04192361996644056,4.7937421798706055,0.3135322332382202,-0.22295221686363223,0.9712693768833016,-3.8177441700538535,26.205506384755203,-0.3197829629833104,-0.021476954104697202,0.13501795353393845,0.0009048449974216055,1
1.3707518577575684,-0.03421066328883171,-0.023817311972379684,0.35058385133743286,-0.044792939874480096,0.5775596499928087,-0.0019054414801925297,0.06436971088765331,-0.032044413201889554,-0.0470098171624902,5.02835750579834,0.31379324197769165,-0.20194110274314883,0.978965274846944,-3.494926027879182,26.247974180883656,-0.5023864503377585,-0.03194930207949832,0.13324368006896387,0.0030795460006629582,1
1.3806133270263672,-0.03421066328883171,-0.023817311972379684,0.35058385133743286,-0.044792939874480096,0.5775596499928087,-0.0019054414801925297,0.06436971088765331,-0.032044413201889554,-0.0470098171624902,5.02835750579834,0.31379324197769165,-0.20194110274314883,0.9721065350118746,-3.0335266345667993,26.29271129879987,-0.7823456740653976,-0.053567548158786504,0.13135352433047562,0.0009003750019473955,1
1.3907532691955566,-0.03466879203915596,-0.017450805753469467,0.35105711221694946,-0.04384567225508665,0.5461491343311817,0.00029039718702237737,0.1149533273926342,-0.028533453471337733,-0.048513969251855915,5.081668376922607,0.31693151593208313,-0.16087502241134646,0.9554979005140909,-2.538438307307843,26.320154073517966,-0.9547286724771851,-0.06809338140031036,0.11803850128397385,0.002904165001382353,1
1.400585412979126,-0.03574153780937195,-0.005685979966074228,0.35220980644226074,-0.049185865819415885,0.47248524346493703,0.01259509852967683,0.16628457972681465,-0.025325080533986633,-0.04949785690473707,5.139206409454346,0.29850032925605774,-0.15754508972167972,0.9467813913463641,-1.954068689793226,26.31233274667319,-1.0996001523174692,-0.06942824290327206,0.11546669519022275,0.0009039370015671011,1
1.4106132984161377,-0.03629256784915924,-0.00042290863348171115,0.35293349623680115,-0.04960738070439536,0.4272720213180419,0.02287807416543644,0.24281035903347492,-0.020715652513913607,-0.050859219698533575,5.125627040863037,0.28261345624923706,-0.13262808322906497,0.9282712628356263,-1.2578901641960147,26.315990074498746,-1.303142074132812,-0.07687790849331279,0.10817305167652913,0.002754068002104759,1
1.4206397533416748,-0.036841534078121185,0.004420415032655001,0.3537984788417816,-0.049666030212619505,0.38282197398089524,0.03735927743169345,0.29369276797672494,-0.01792104780857473,-0.0513183981053289,5.099605560302734,0.2556456923484802,-0.11651168018579486,0.9074012572018969,-0.6085883262964531,26.290415397583033,-1.4316090703151834,-0.07133915532972171,0.10146607253578759,0.0009401870011060964,1
1.4308855533599854,-0.03737707436084747,0.008776260539889336,0.3548400402069092,-0.04395739933870643,0.3312839218306105,0.05905707171615456,0.3434026560994661,-0.015400056799025563,-0.051513139675943176,4.995261192321777,0.23327235877513885,-0.09806508570909503,0.8685302512982473,0.0012239475250628296,26.23682738336687,-1.5596413479052027,-0.06455418568052786,0.09396821613153122,0.00279388000126346,1
1.4406306743621826,-0.037904445081949234,0.012608826160430908,0.3560941517353058,-0.05146992529681139,0.2777381812296308,0.07733831328257916,0.39171136500588855,-0.012965034985731982,-0.051550471682317855,4.830881595611572,0.2215084433555603,-0.07975518703460696,0.8464114369478852,0.34791834678648664,26.220029255546226,-1.5549634009395767,-0.06715891788293739,0.09189795127485989,0.0009846779976214748,1
1.450761318206787,-0.038449063897132874,0.015803895890712738,0.35757219791412354,-0.042833301725249504,0.215375567824397,0.09944365795998071,0.4385719314300438,-0.011338779229236096,-0.051237601474729555,4.631068706512451,0.1822410672903061,-0.03524065390229227,0.8109351502462647,0.9827550129458418,26.127503199255607,-1.7976846739999963,-0.047478014609379435,0.06985869871862016,0.002970239002024755,1
1.4606382846832275,-0.03894784674048424,0.01840287446975708,0.3592681288719177,-0.043862216259064536,0.15827948098868308,0.12363568497352585,0.4831159181611495,-0.009447562636227147,-0.05088520771402205,4.40753173828125,0.17347203195095062,-0.029945891350507757,0.7908283701041243,1.3402999101688051,26.102708476475325,-1.7946294927246373,-0.049188252555539186,0.06443072191459229,0.0010556409979471937,1
1.4707634449005127,-0.039468664675951004,0.020435387268662453,0.3612375259399414,-0.046992004057417776,0.10426828040173518,0.15172061939291134,0.5248966031193225,-0.008114280525318929,-0.050204946585990395,4.0333251953125,0.13479378819465637,-0.0014987060567364261,0.7712255868626409,1.7115896365094343,26.03784265016991,-1.9049738751424323,-0.050592175614616236,0.06148747127141918,0.0034674670023377985,1
1.4807603359222412,-0.039468664675951004,0.020435387268662453,0.3612375259399414,-0.046992004057417776,0.10426828040173518,0.15172061939291134,0.5248966031193225,-0.008114280525318929,-0.050204946585990395,4.0333251953125,0.13479378819465637,-0.0014987060567364261,0.761235617491666,2.045407092578012,25.957446447637533,-1.9992019791440692,-0.030633212051147052,0.04935403548165937,0.000993129000562476,1
1.4908194541931152,-0.040540795773267746,0.022471636533737183,0.3659559488296509,-0.04560690370541723,-0.025336093823954003,0.202518195091532,0.6109698049398049,-0.006938340413158883,-0.04865083268640147,3.0462217330932617,0.02488768659532071,0.06927665323019028,0.7559013470796441,2.416818089704493,25.87627586160956,-2.0876527156661338,-0.0020647822839217796,0.03400374533615347,0.00312550400121836,1
1.500756025314331,-0.040540795773267746,0.022471636533737183,0.3659559488296509,-0.04560690370541723,-0.025336093823954003,0.202518195091532,0.6109698049398049,-0.006938340413158883,-0.04865083268640147,3.0462217330932617,0.02488768659532071,0.06927665323019028,0.7433294981654331,2.739961577135915,25.797619108665014,-2.1373243496926757,0.03517387167996844,0.013038422359373907,0.000983980000455631,1
1.5108468532562256,-0.042138002812862396,0.020200716331601143,0.37427598237991333,-0.0460333650097588,-0.2238334045149205,0.2334558067916713,0.6685109201455339,-0.008866390035210614,-0.046798300726490716,1.9481419324874878,-0.03797540441155432,0.12054014950990677,0.7201153121070408,3.0779718230785664,25.6744809216488,-2.182205794569296,0.05201126683199518,0.0011715458619301952,0.0037160459978622384,1
1.5210072994232178,-0.042138002812862396,0.020200716331601143,0.37427598237991333,-0.0460333650097588,-0.2238334045149205,0.2334558067916713,0.6685109201455339,-0.008866390035210614,-0.046798300726490716,1.9481419324874878,-0.03797540441155432,0.12054014950990677,0.7151425316393343,3.4827990644134936,25.624431249479287,-2.23350536527659,0.08530280882982477,-0.016879318491721765,0.0011694890017679427,1
1.5307910442352295,-0.04328173026442528,0.014980056323111057,0.3798261284828186,-0.046065659529874764,-0.3580598269784051,0.21429907899063108,0.6935118825010487,-0.012742166317806891,-0.045574542122986283,1.0387212038040161,-0.12065665423870084,0.18490187823772433,0.7177662494501429,3.897924528551082,25.59156292862548,-2.2603828605029515,0.13137550344903,-0.03839081040361568,0.0035442270018393174,1
1.5405278205871582,-0.04328173026442528,0.014980056323111057,0.3798261284828186,-0.046065659529874764,-0.3580598269784051,0.21429907899063108,0.6935118825010487,-0.012742166317806891,-0.045574542122986283,1.0387212038040161,-0.12065665423870084,0.18490187823772433,0.7203816347110293,4.34870289390178,25.570742182020798,-2.27553272501645,0.15572818388983684,-0.0537674988163442,0.0010100319996126927,1
1.5507850646972656,-0.04384000599384308,0.011128032580018044,0.3823522627353668,-0.04609162016440252,-0.4281701747181798,0.19553487992371438,0.6986788754389561,-0.01507586386510873,-0.04475760697465647,0.5406360030174255,-0.1281798332929611,0.21040380001068118,0.7215819870122266,4.589859489597787,25.557639023481727,-2.2747664376426835,0.1556547965854271,-0.05696634632810176,0.002841932997398544,1
1.560614824295044,-0.044404949992895126,0.006569725461304188,0.3846491277217865,-0.04658669183439952,-0.5005981905598686,0.17165725932521153,0.6990564684518166,-0.017787152389306282,-0.043782015162146415,-0.12167815864086151,-0.1520166993141174,0.2592165172100067,0.725052485681755,4.91439039886748,25.544863530431357,-1.9283035074652315,0.16963805016223868,-0.06813119923984097,0.0009806969974306412,1
1.5707783699035645,-0.044963590800762177,0.0011905995197594166,0.386613667011261,-0.045826266446967155,-0.5698931157376764,0.1495326733312565,0.6948954787326458,-0.02091990596529758,-0.04284504807181566,-0.5715915560722351,-0.19101977348327634,0.27777621150016785,0.7346973705969405,5.294757982245296,25.537239178265416,-1.3967381019835252,0.1951831131258564,-0.09074686832262231,0.003174466000928078,1
1.5806009769439697,-0.044963590800762177,0.0011905995197594166,0.386613667011261,-0.045826266446967155,-0.5698931157376764,0.1495326733312565,0.6948954787326458,-0.02091990596529758,-0.04284504807181566,-0.5715915560722351,-0.19101977348327634,0.27777621150016785,0.7471659748696914,5.707867405674426,25.530960622276694,-0.9343427478732924,0.2296555767024117,-0.10528541435546988,0.0009045650003827177,1
1.5907666683197021,-0.046013686805963516,-0.011566327884793282,0.3898927569389343,-0.04602888384597152,-0.6894534151775913,0.12168112057910443,0.6652318419300096,-0.02986801603012923,-0.040137462899418885,-1.5714648962020874,-0.18460400402545926,0.3391754925251007,0.7596756434149132,6.063577453468745,25.517493414753496,-0.002962585260850026,0.25520037290378134,-0.12029672626267271,0.0030240199994295835,1
1.6005990505218506,-0.046013686805963516,-0.011566327884793282,0.3898927569389343,-0.04602888384597152,-0.6894534151775913,0.12168112057910443,0.6652318419300096,-0.02986801603012923,-0.040137462899418885,-1.5714648962020874,-0.18460400402545926,0.3391754925251007,0.7807988154194476,6.406650667635467,25.504014036241774,-0.002935970784188316,0.2675565848945734,-0.1351471874903497,0.0009417229994141962,1
1.6107628345489502,-0.04657243564724922,-0.018918681889772415,0.39122527837753296,-0.05221605844178894,-0.7497751591532221,0.10069568201466887,0.6453834971689676,-0.03354616001923638,-0.03863948385246507,-2.12943696975708,-0.20461048185825342,0.36293211579322815,0.8202802559908142,6.77872193841994,25.508086927765863,-0.0034846548085570674,0.2942831557832975,-0.14809171130920182,0.002950751000753371,1
1.620757818222046,-0.04778965935111046,-0.03544635325670242,0.39312544465065,-0.052505780373005656,-0.845317537309537,0.04426774654230135,0.6214739531849296,-0.03737412482509761,-0.03696659681284542,-2.532639741897583,-0.20535184442996973,0.3728381097316742,0.8679802130339854,7.438007786488575,25.569017913945533,-0.003550515427980963,0.30873945439746636,-0.15376763056468817,0.0009621190001780633,1
1.6307704448699951,-0.04832684248685837,-0.04439803212881088,0.39342471957206726,-0.04626114332227219,-0.8721201843714101,-0.011401578073500987,0.5758712346991475,-0.04292532715884656,-0.03329338708880858,-3.157135248184204,-0.15812975168228144,0.4132193922996521,0.9195852885486372,8.042900065496843,25.68503496816005,-0.00283037251537932,0.30186327472869273,-0.1669650048468828,0.003050840001378674,1
1.6407661437988281,-0.04883285611867905,-0.053673502057790756,0.3929307758808136,-0.04667450450437649,-0.8787880890331293,-0.08590798473510274,0.5412077798754535,-0.0462645073267578,-0.03077915820905419,-3.4913079738616943,-0.15206034481525416,0.4016282260417938,0.9957452418406215,8.669039060833516,25.866209921705646,-0.002600465425016987,0.30316602765643935,-0.16482613482978828,0.0009352279994345736,1
1.6507606506347656,-0.04933358356356621,-0.063052698969841,0.3914833664894104,-0.048809091980247424,-0.881854940850203,-0.17239803792537398,0.5043134990097116,-0.04992991247848755,-0.028239915288942985,-3.7293572425842285,-0.18894065916538233,0.40255606174468994,1.1076652567053793,9.356848083572888,26.09188840161381,-0.003347015606294859,0.3391990235704704,-0.16782561867762333,0.002327522997802589,1
1.6606106758117676,-0.049843981862068176,-0.07240398228168488,0.38914936780929565,-0.0441022246023141,-0.8804093492666646,-0.2661035542809534,0.46554586232009276,-0.053684192353522064,-0.02548106494830993,-3.9013671875,-0.18953549861907953,0.4253411293029785,1.1729200080128346,9.740429092221117,26.11431533668227,-0.0033467220166863466,0.33930439918831623,-0.1678331437419717,0.0009301989994128235,1
1.6707849502563477,-0.05032134801149368,-0.0818406268954277,0.38573741912841797,-0.046941838270216654,-0.8803337730881664,-0.35876662734675185,0.42612374126500097,-0.05718417784284702,-0.02262300772912873,-3.9694712162017822,-0.2059571593999862,0.3933861553668976,1.273982634161434,10.255910206605808,26.357142030387344,-0.003511871977732725,0.35138314903267054,-0.17677672272223913,0.0023335990008490626,1
1.680605173110962,-0.05083028972148895,-0.09126539528369904,0.38142088055610657,-0.048766027005631304,-0.8726349124924035,-0.43905834897046714,0.3858452255460163,-0.06072393717752922,-0.0197106225054946,-4.061437606811523,-0.22265848517417902,0.42027929425239563,1.3838948808413747,10.558751777004584,26.506047653772043,-0.003558133432183533,0.36834422582677273,-0.16886454727097694,0.0009758079977473244,1
1.690772533416748,-0.05131610855460167,-0.10066276043653488,0.3761471211910248,-0.04269106362609852,-0.8656936700149513,-0.5171348070873025,0.3449716140967638,-0.06460035530618047,-0.016643795999356392,-4.09641695022583,-0.24267545342445368,0.4196955859661103,1.485720240603531,10.583398030521895,26.573662496435116,-0.004143651293361043,0.38876628767327676,-0.17849985373315286,0.0025615039994590916,1
1.7007486820220947,-0.05131610855460167,-0.10066276043653488,0.3761471211910248,-0.04269106362609852,-0.8656936700149513,-0.5171348070873025,0.3449716140967638,-0.06460035530618047,-0.016643795999356392,-4.09641695022583,-0.24267545342445368,0.4196955859661103,1.5670918233900841,10.445635829480953,26.636010841127188,-0.004549133683496402,0.4098846276163751,-0.18212676111332357,0.0009325029968749732,1
1.710630178451538,-0.05178069323301315,-0.11006419360637665,0.37014439702033997,-0.043554390444144324,-0.8714126588458457,-0.5830543440603747,0.28234966099563596,-0.0698631570134487,-0.011781161480250102,-4.2151336669921875,-0.2240867763757705,0.42059311270713806,1.6631106260871242,10.136362262462079,26.727161244724208,-0.004088173993955523,0.413559635570136,-0.18526288525107582,0.0009621179997338913,1
1.720794677734375,-0.05294839292764664,-0.13816635310649872,0.3485294580459595,-0.02850720298856036,-0.8518147471636454,-0.6955924031030365,0.19435048097818308,-0.0757658383226647,-0.004396087738934185,-4.4786529541015625,-0.1892938762903213,0.4409532845020294,1.7454848797653275,9.779607040342649,26.802632475794187,-0.003569463603572815,0.40791486649390335,-0.18863423878098157,0.0033540379990881775,1
1.731224775314331,-0.05294839292764664,-0.13816635310649872,0.3485294580459595,-0.02850720298856036,-0.8518147471636454,-0.6955924031030365,0.19435048097818308,-0.0757658383226647,-0.004396087738934185,-4.4786529541015625,-0.1892938762903213,0.4409532845020294,1.801784861635899,9.39444349316299,26.8822822678962,-0.0034189296532146744,0.4072870756137324,-0.19732502231790325,0.001190231996588409,1
1.7405486106872559,-0.05319545045495033,-0.14741753041744232,0.34068867564201355,-0.022977200633257058,-0.8473965408228131,-0.70602221530143,0.12449287602961778,-0.07902933492835373,0.0016680567332048035,-4.687249183654785,-0.14312130212783808,0.4309178590774536,1.8625587908675705,8.832751375756798,26.99138879595474,0.11827914605367464,0.38594219162081755,-0.19848186321154263,0.0030995220004115254,1
1.7509994506835938,-0.0534183494746685,-0.15657280385494232,0.33270329236984253,-0.022805424149055363,-0.8383942275762556,-0.7023987142102289,0.07614133344898644,-0.08061901520799175,0.006040317574516063,-4.8238983154296875,-0.10945602506399149,0.4497218430042267,1.9245329342860262,8.224143193375259,27.07510582211908,0.24678319701603402,0.36798437730579225,-0.20609251073715534,0.001569351999933133,1
1.7605509757995605,-0.0536433607339859,-0.1656738519668579,0.3247814178466797,-0.022153866439677306,-0.835610984435681,-0.6910549417024056,0.026237165287408715,-0.08185008307227992,0.010605205890096947,-5.005842685699463,-0.094072975218296,0.4628714621067047,1.9870004582316136,7.599179122933068,27.152472442295498,0.4072639358478329,0.360367094908276,-0.21483072027615427,0.0012350039978628047,1
1.7708070278167725,-0.053862739354372025,-0.1746624857187271,0.31686297059059143,-0.020728245308360368,-0.8269013775928074,-0.6811385136873286,-0.024832877635625916,-0.08278019318113738,0.01517076424310071,-5.1100850105285645,-0.09954682737588877,0.45648789405822754,2.047418654772367,6.927885888039924,27.22576306290961,0.6002073956157079,0.3624960536194928,-0.21675831401086695,0.002887541999371024,1
1.7808022499084473,-0.05404909700155258,-0.1835612654685974,0.3089965581893921,-0.019248016006595273,-0.8226137771638086,-0.6645392755870717,-0.07629881945961614,-0.0834839596331558,0.019859198755824092,-5.136471271514893,-0.09099321067333216,0.4741159677505493,2.1049690906322405,6.212366513491332,27.29437906000573,0.7956004372162632,0.35672177797970545,-0.22550829711913767,0.0009531079995213076,1
1.7907586097717285,-0.05422055721282959,-0.19241130352020264,0.3013293445110321,-0.01705414139169562,-0.8162352454338583,-0.6415133459097242,-0.1280538663611086,-0.08369864498513468,0.02469297509802404,-5.1598334312438965,-0.05806149914860719,0.48182758688926697,2.1367503349853396,5.799990346874672,27.297695954788093,0.8508204632942298,0.3561164310816154,-0.22808942104631919,0.0034051650000037625,1
1.8006372451782227,-0.05422055721282959,-0.19241130352020264,0.3013293445110321,-0.01705414139169562,-0.8162352454338583,-0.6415133459097242,-0.1280538663611086,-0.08369864498513468,0.02469297509802404,-5.1598334312438965,-0.05806149914860719,0.48182758688926697,2.170563217178636,5.212476386483924,27.353487328160487,1.0183298498767592,0.33546685688974154,-0.23439055864202518,0.0009750389981491026,1
1.810624361038208,-0.054496362805366516,-0.20976120233535767,0.2866043150424957,-0.0087807962382684,-0.8040718468484044,-0.589216941643584,-0.25452663194195546,-0.0821259860346899,0.03652557300237724,-4.910709381103516,-0.002017020946368515,0.49308210611343384,2.252175280247746,4.213456111402965,27.565050354079407,1.2387208410977055,0.31939339605027484,-0.23677022439392803,0.0032474539984832518,1
1.820650577545166,-0.054496362805366516,-0.20976120233535767,0.2866043150424957,-0.0087807962382684,-0.8040718468484044,-0.589216941643584,-0.25452663194195546,-0.0821259860346899,0.03652557300237724,-4.910709381103516,-0.002017020946368515,0.49308210611343384,2.333251433681468,3.097230117482703,27.756911701669576,1.3758250794792553,0.2955081712821016,-0.24917128444810535,0.0010999229998560622,1
1.8306188583374023,-0.054546963423490524,-0.21831706166267395,0.2796250283718109,-0.0009266059245661102,-0.7981318830753331,-0.5611767174225203,-0.30270885419696025,-0.08033611118672024,0.041074068332858094,-4.753386497497559,0.06122136488556868,0.483948290348053,2.3838883403208286,1.9217189841738476,27.893817258351728,1.4982186171888632,0.25258967054865067,-0.2524182809271264,0.0033097560008172877,1
1.8407676219940186,-0.05448886752128601,-0.23509059846401215,0.26648128032684326,0.007251884923327597,-0.7803085510292511,-0.5123612133206426,-0.3487554390948784,-0.07790444261425744,0.045252286825950616,-4.530719757080078,0.11299759149551397,0.47376978397369385,2.395384048709141,0.7444417740011029,27.971317006004934,1.612286809505605,0.21366946223932604,-0.2532796326312739,0.00110809499892639,1
1.8505489826202393,-0.05440518632531166,-0.24333932995796204,0.2602199614048004,0.012686089945891108,-0.7710467649306075,-0.4931889279408391,-0.4135018122484073,-0.0733151758906172,0.051166076994439535,-4.246525287628174,0.14998885989189154,0.4843904674053192,2.395651004268546,-0.7310999595655066,28.09302737060437,1.7796830656908138,0.1737227513245374,-0.26234409453079777,0.0033216999981959816,1
1.8608028888702393,-0.05426900088787079,-0.2514536678791046,0.25422194600105286,0.01997112404475777,-0.7675193616727665,-0.4801181053106993,-0.4532655091200031,-0.06970426412270836,0.05470729601974611,-3.967768669128418,0.17907346785068518,0.47625479102134705,2.3317783065644493,-1.8514619223928648,28.034980386075187,1.8664184522213916,0.14400429675858553,-0.2640204824637088,0.001105301002098713,1
